OBJECTID,RS,AGS,SDV_RS,GEN,BEZ,IBZ,BEM,SN_L,SN_R,SN_K,SN_V1,SN_V2,SN_G,FK_S3,NUTS,WSK,EWZ,KFL,Shape__Area,Shape__Length,Kennziffer,EWZ_18
1,01001,01001,010010000000,Flensburg,Kreisfreie Stadt,40,--,01,0,01,00,00,000,R,DEF01,2008-01-01T00:00:00.000Z,88519,56.73,147694307.422852,74101.60381589,1001,
2,01002,01002,010020000000,Kiel,Kreisfreie Stadt,40,--,01,0,02,00,00,000,R,DEF02,2006-01-01T00:00:00.000Z,247943,118.65,329476615.663574,179001.596838441,1002,
3,01003,01003,010030000000,Lübeck,Kreisfreie Stadt,40,--,01,0,03,00,00,000,R,DEF03,2006-02-01T00:00:00.000Z,216318,214.19,608078580.749023,248246.790846348,1003,
4,01004,01004,010040000000,Neumünster,Kreisfreie Stadt,40,--,01,0,04,00,00,000,R,DEF04,1970-04-26T00:00:00.000Z,79335,71.66,207184069.101563,93458.2934608573,1004,
5,01051,01051,010510044044,Dithmarschen,Kreis,42,--,01,0,51,00,00,000,R,DEF05,2011-08-01T00:00:00.000Z,133447,1428.18,4146879320.27979,428150.136615923,1051,
6,01053,01053,010530100100,Herzogtum Lauenburg,Kreis,42,--,01,0,53,00,00,000,R,DEF06,2009-01-01T00:00:00.000Z,196074,1263.07,3576992415.06592,430998.254248465,1053,
7,01054,01054,010540056056,Nordfriesland,Kreis,42,--,01,0,54,00,00,000,R,DEF07,2016-01-01T00:00:00.000Z,165462,2083.52,6217599018.20703,1103060.76364597,1054,
8,01055,01055,010550012012,Ostholstein,Kreis,42,--,01,0,55,00,00,000,R,DEF08,2010-01-01T00:00:00.000Z,200584,1393,4041360085.60059,618503.293671748,1055,
9,01056,01056,010560039039,Pinneberg,Kreis,42,--,01,0,56,00,00,000,R,DEF09,2009-01-01T00:00:00.000Z,312662,664.27,1816149753.94678,314023.149334311,1056,
10,01057,01057,010570057057,Plön,Kreis,42,--,01,0,57,00,00,000,R,DEF0A,2009-01-01T00:00:00.000Z,128842,1083.56,3165012799.50293,391356.095384728,1057,
11,01058,01058,010580135135,Rendsburg-Eckernförde,Kreis,42,--,01,0,58,00,00,000,R,DEF0B,2014-02-01T00:00:00.000Z,273022,2189.79,6353949410.3833,636187.883029844,1058,
12,01059,01059,010590075075,Schleswig-Flensburg,Kreis,42,--,01,0,59,00,00,000,R,DEF0C,2016-01-01T00:00:00.000Z,199503,2071.33,5926779596.62402,755153.626479329,1059,
13,01060,01060,010600005005,Segeberg,Kreis,42,--,01,0,60,00,00,000,R,DEF0D,2010-01-01T00:00:00.000Z,274025,1344.47,3872907409.99219,488290.932604855,1060,
14,01061,01061,010610046046,Steinburg,Kreis,42,--,01,0,61,00,00,000,R,DEF0E,2009-01-01T00:00:00.000Z,131613,1055.71,2930952414.77539,350957.157345326,1061,
15,01062,01062,010620004004,Stormarn,Kreis,42,--,01,0,62,00,00,000,R,DEF0F,2010-01-01T00:00:00.000Z,242472,766.22,2183590817.95947,429300.960168303,1062,
16,02000,02000,020000000000,Hamburg,Kreisfreie Stadt,40,--,02,0,00,00,00,000,R,DE600,1974-01-01T00:00:00.000Z,1830584,755.09,2089396054.8501,418800.187474112,2000,
17,03101,03101,031010000000,Braunschweig,Kreisfreie Stadt,40,--,03,1,01,00,00,000,K,DE911,1974-03-01T00:00:00.000Z,248023,192.7,512920024.119141,157241.435006275,3101,
18,03102,03102,031020000000,Salzgitter,Kreisfreie Stadt,40,--,03,1,02,00,00,000,K,DE912,1974-03-01T00:00:00.000Z,104548,224.49,595996379.365723,177734.24505306,3102,
19,03103,03103,031030000000,Wolfsburg,Kreisfreie Stadt,40,--,03,1,03,00,00,000,K,DE913,1972-07-01T00:00:00.000Z,123914,204.61,550002452.833984,149550.158733602,3103,
20,03151,03151,031510009009,Gifhorn,Landkreis,43,--,03,1,51,00,00,000,K,DE914,2009-01-01T00:00:00.000Z,175079,1567.58,4242564265.05762,462823.233098722,3151,
21,03153,03153,031530017017,Goslar,Landkreis,43,--,03,1,53,00,00,000,K,DE916,2014-01-01T00:00:00.000Z,137563,966.73,2538178765.0498,377877.690050125,3153,
22,03154,03154,031540028028,Helmstedt,Landkreis,43,--,03,1,54,00,00,000,K,DE917,2017-07-01T00:00:00.000Z,91720,676.12,1800463905.84961,377422.682491774,3154,
23,03155,03155,031550011011,Northeim,Landkreis,43,--,03,1,55,00,00,000,K,DE918,2009-01-01T00:00:00.000Z,133046,1268.76,3306749920.62354,368935.208531378,3155,
24,03157,03157,031570006006,Peine,Landkreis,43,--,03,1,57,00,00,000,K,DE91A,2009-01-01T00:00:00.000Z,133368,536.5,1431953645.20117,245080.948552498,3157,
25,03158,03158,031580037037,Wolfenbüttel,Landkreis,43,--,03,1,58,00,00,000,K,DE91B,2009-01-01T00:00:00.000Z,120437,724.29,1918573319.91943,350011.621796754,3158,
26,03159,03159,031590016016,Göttingen,Landkreis,43,--,03,1,59,00,00,000,K,-----,2016-11-01T00:00:00.000Z,328036,1755.53,4534510920.05078,618094.226862214,3159,
27,03241,03241,032410001001,Region Hannover,Landkreis,45,Sonderverband,03,2,41,00,00,000,K,DE929,2009-01-01T00:00:00.000Z,1152675,2297.13,6167237247.53125,620551.925747568,3241,
28,03251,03251,032510012012,Diepholz,Landkreis,43,--,03,2,51,00,00,000,K,DE922,2009-01-01T00:00:00.000Z,216012,1990.99,5418510023.49072,508748.324513789,3251,
29,03252,03252,032520006006,Hameln-Pyrmont,Landkreis,43,--,03,2,52,00,00,000,K,DE923,2009-01-01T00:00:00.000Z,148296,797.53,2110567261.25049,339899.975911718,3252,
30,03254,03254,032540021021,Hildesheim,Landkreis,43,--,03,2,54,00,00,000,K,DE925,2009-01-01T00:00:00.000Z,276640,1208.35,3193762122.96875,407877.531225378,3254,
31,03255,03255,032550023023,Holzminden,Landkreis,43,--,03,2,55,00,00,000,K,DE926,2009-01-01T00:00:00.000Z,71144,694.23,1819727304.8291,305789.234938875,3255,
32,03256,03256,032560022022,Nienburg (Weser),Landkreis,43,--,03,2,56,00,00,000,K,DE927,2009-01-01T00:00:00.000Z,121470,1400.81,3793625894.75439,522578.451349358,3256,
33,03257,03257,032570035035,Schaumburg,Landkreis,43,--,03,2,57,00,00,000,K,DE928,2009-01-01T00:00:00.000Z,157883,675.69,1804817318.38477,336083.313691295,3257,
34,03351,03351,033510006006,Celle,Landkreis,43,--,03,3,51,00,00,000,K,DE931,2009-01-01T00:00:00.000Z,178764,1550.82,4215805320.80078,405195.112045969,3351,
35,03352,03352,033520011011,Cuxhaven,Landkreis,43,--,03,3,52,00,00,000,K,DE932,2010-01-01T00:00:00.000Z,198100,2058.97,5841460214.06836,520135.312711437,3352,
36,03353,03353,033530040040,Harburg,Landkreis,43,--,03,3,53,00,00,000,K,DE933,2009-01-01T00:00:00.000Z,251511,1248.45,3493372546.61621,430319.607615247,3353,
37,03354,03354,033545407018,Lüchow-Dannenberg,Landkreis,43,--,03,3,54,00,00,000,K,DE934,2009-01-01T00:00:00.000Z,48357,1227.28,3383198948.46289,378936.074624046,3354,
38,03355,03355,033550022022,Lüneburg,Landkreis,43,--,03,3,55,00,00,000,K,DE935,2014-11-01T00:00:00.000Z,182930,1327.8,3697283953.21973,532230.365115975,3355,
39,03356,03356,033560007007,Osterholz,Landkreis,43,--,03,3,56,00,00,000,K,DE936,2009-01-01T00:00:00.000Z,113105,652.67,1821364196.80029,300680.005859416,3356,
40,03357,03357,033570039039,Rotenburg (Wümme),Landkreis,43,--,03,3,57,00,00,000,K,DE937,2009-01-01T00:00:00.000Z,163377,2074.78,5782228808.85352,590994.267938468,3357,
41,03358,03358,033580008008,Heidekreis,Landkreis,43,--,03,3,58,00,00,000,K,DE938,2011-08-01T00:00:00.000Z,139099,1881.46,5169968410.24902,606025.480146193,3358,
42,03359,03359,033590038038,Stade,Landkreis,43,--,03,3,59,00,00,000,K,DE939,2009-01-01T00:00:00.000Z,201887,1267.39,3415578754.02881,506897.024873945,3359,
43,03360,03360,033600025025,Uelzen,Landkreis,43,--,03,3,60,00,00,000,K,DE93A,2009-01-01T00:00:00.000Z,92744,1462.6,4027238698.4458,366796.095481859,3360,
44,03361,03361,033610012012,Verden,Landkreis,43,--,03,3,61,00,00,000,K,DE93B,2009-01-01T00:00:00.000Z,136590,789.34,2172089328.76807,373001.115518804,3361,
45,03401,03401,034010000000,Delmenhorst,Kreisfreie Stadt,40,--,03,4,01,00,00,000,K,DE941,1974-03-01T00:00:00.000Z,77521,62.45,172562476.283203,76845.8420611023,3401,
46,03402,03402,034020000000,Emden,Kreisfreie Stadt,40,--,03,4,02,00,00,000,K,DE942,2004-12-31T00:00:00.000Z,50607,112.34,311756113.40332,113904.344741271,3402,
47,03403,03403,034030000000,Oldenburg (Oldb),Kreisfreie Stadt,40,--,03,4,03,00,00,000,K,DE943,2001-11-13T00:00:00.000Z,167081,103.09,287764592.485352,86784.6748721519,3403,
48,03404,03404,034040000000,Osnabrück,Kreisfreie Stadt,40,--,03,4,04,00,00,000,K,DE944,1972-07-01T00:00:00.000Z,164374,119.8,320683004.170898,121675.262752533,3404,
49,03405,03405,034050000000,Wilhelmshaven,Kreisfreie Stadt,40,--,03,4,05,00,00,000,K,DE945,2005-04-23T00:00:00.000Z,76316,107.07,304272402.294434,96594.1075443692,3405,
50,03451,03451,034510007007,Ammerland,Landkreis,43,--,03,4,51,00,00,000,K,DE946,2009-01-01T00:00:00.000Z,123377,730.63,2031715187.19092,256828.044957354,3451,
51,03452,03452,034520001001,Aurich,Landkreis,43,--,03,4,52,00,00,000,K,DE947,2009-01-01T00:00:00.000Z,189949,1287.34,3650385454.24951,617069.093277697,3452,
52,03453,03453,034530004004,Cloppenburg,Landkreis,43,--,03,4,53,00,00,000,K,DE948,2009-01-01T00:00:00.000Z,167925,1420.35,3900683055.67676,377828.485450323,3453,
53,03454,03454,034540035035,Emsland,Landkreis,43,--,03,4,54,00,00,000,K,DE949,2009-01-01T00:00:00.000Z,323636,2883.66,7853278514.51172,495424.958326229,3454,
54,03455,03455,034550007007,Friesland,Landkreis,43,--,03,4,55,00,00,000,K,DE94A,2009-01-01T00:00:00.000Z,98509,609.54,1743437868.50928,351611.099935133,3455,
55,03456,03456,034560015015,Grafschaft Bentheim,Landkreis,43,--,03,4,56,00,00,000,K,DE94B,2009-01-01T00:00:00.000Z,135859,981.81,2642446481.6167,318104.212903148,3456,
56,03457,03457,034570013013,Leer,Landkreis,43,--,03,4,57,00,00,000,K,DE94C,2009-01-01T00:00:00.000Z,168946,1085.69,2967665216.9458,380494.395062877,3457,
57,03458,03458,034580014014,Oldenburg,Landkreis,43,--,03,4,58,00,00,000,K,DE94D,2009-01-01T00:00:00.000Z,129924,1064.83,2933789510.93652,328700.313597614,3458,
58,03459,03459,034040000000,Osnabrück,Landkreis,43,--,03,4,59,00,00,000,K,DE94E,1998-04-01T00:00:00.000Z,356140,2121.81,5683182017.24316,617549.307431353,3459,
59,03460,03460,034600009009,Vechta,Landkreis,43,--,03,4,60,00,00,000,K,DE94F,2009-01-01T00:00:00.000Z,140540,814.19,2208386159.60791,289033.074815178,3460,
60,03461,03461,034610002002,Wesermarsch,Landkreis,43,--,03,4,61,00,00,000,K,DE94G,2009-01-01T00:00:00.000Z,89022,824.76,2321233394.75439,339648.662282031,3461,
61,03462,03462,034620019019,Wittmund,Landkreis,43,--,03,4,62,00,00,000,K,DE94H,2009-01-01T00:00:00.000Z,56731,656.84,1866963502.68994,399358.319419578,3462,
62,04011,04011,040110000000,Bremen,Kreisfreie Stadt,40,--,04,0,11,00,00,000,R,DE501,2002-01-01T00:00:00.000Z,568006,317.88,902448212.446777,253968.748255064,4011,
63,04012,04012,040120000000,Bremerhaven,Kreisfreie Stadt,40,--,04,0,12,00,00,000,R,DE502,2010-01-01T00:00:00.000Z,113026,101.53,216708533.000977,112581.401694175,4012,
64,05111,05111,051110000000,Düsseldorf,Kreisfreie Stadt,40,--,05,1,11,00,00,000,R,DEA11,1980-01-01T00:00:00.000Z,617280,217.41,553973683.5,178821.383237041,5111,
65,05112,05112,051120000000,Duisburg,Kreisfreie Stadt,40,--,05,1,12,00,00,000,R,DEA12,1975-01-01T00:00:00.000Z,498110,232.8,599004536.569336,152967.48432013,5112,
66,05113,05113,051130000000,Essen,Kreisfreie Stadt,40,--,05,1,13,00,00,000,R,DEA13,2006-10-01T00:00:00.000Z,583393,210.34,540832330.102051,130239.024469482,5113,
67,05114,05114,051140000000,Krefeld,Kreisfreie Stadt,40,--,05,1,14,00,00,000,R,DEA14,2001-02-01T00:00:00.000Z,226699,137.77,349686958.899414,101498.889163903,5114,
68,05116,05116,051160000000,Mönchengladbach,Kreisfreie Stadt,40,--,05,1,16,00,00,000,R,DEA15,1995-07-01T00:00:00.000Z,262188,170.47,433620195.478516,134613.476592531,5116,
69,05117,05117,051170000000,Mülheim an der Ruhr,Kreisfreie Stadt,40,--,05,1,17,00,00,000,R,DEA16,1975-01-01T00:00:00.000Z,171265,91.28,234267456.76123,76389.6575020413,5117,
70,05119,05119,051190000000,Oberhausen,Kreisfreie Stadt,40,--,05,1,19,00,00,000,R,DEA17,2006-10-01T00:00:00.000Z,211422,77.09,199718336.527832,75640.3839838357,5119,
71,05120,05120,051200000000,Remscheid,Kreisfreie Stadt,40,--,05,1,20,00,00,000,R,DEA18,1975-01-01T00:00:00.000Z,110584,74.52,188250905.918457,74072.824736796,5120,
72,05122,05122,051220000000,Solingen,Kreisfreie Stadt,40,--,05,1,22,00,00,000,R,DEA19,1975-01-01T00:00:00.000Z,158803,89.54,225970557.486328,96579.2821277104,5122,
73,05124,05124,051240000000,Wuppertal,Kreisfreie Stadt,40,--,05,1,24,00,00,000,R,DEA1A,1975-01-01T00:00:00.000Z,353590,168.39,429206580.154785,138835.460933471,5124,
74,05154,05154,051540036036,Kleve,Kreis,42,--,05,1,54,00,00,000,R,DEA1B,2009-01-01T00:00:00.000Z,311270,1232.99,3199308795.96973,440718.866759807,5154,
75,05158,05158,051580024024,Mettmann,Kreis,42,--,05,1,58,00,00,000,R,DEA1C,2009-01-01T00:00:00.000Z,485409,407.21,1039818013.38623,284417.01043884,5158,
76,05162,05162,051620024024,Rhein-Kreis Neuss,Kreis,42,--,05,1,62,00,00,000,R,DEA1D,2009-01-01T00:00:00.000Z,449408,576.42,1463203045.28467,272679.329484199,5162,
77,05166,05166,051660032032,Viersen,Kreis,42,--,05,1,66,00,00,000,R,DEA1E,2009-01-01T00:00:00.000Z,298733,563.27,1438465704.96826,237934.619416657,5166,
78,05170,05170,051700048048,Wesel,Kreis,42,--,05,1,70,00,00,000,R,DEA1F,2009-01-01T00:00:00.000Z,460666,1042.81,2700807144.41211,380617.804729016,5170,
79,05314,05314,053140000000,Bonn,Kreisfreie Stadt,40,--,05,3,14,00,00,000,R,DEA22,1969-08-01T00:00:00.000Z,325490,141.06,352670672.976074,103130.42029946,5314,
80,05315,05315,053150000000,Köln,Kreisfreie Stadt,40,--,05,3,15,00,00,000,R,DEA23,1976-06-01T00:00:00.000Z,1080394,405.01,1022846898.521,194623.49602476,5315,
81,05316,05316,053160000000,Leverkusen,Kreisfreie Stadt,40,--,05,3,16,00,00,000,R,DEA24,1975-01-01T00:00:00.000Z,163577,78.87,199109627.962402,83031.1391314607,5316,
82,05334,05334,053340002002,Städteregion Aachen,Kreis,46,Sonderverband,05,3,34,00,00,000,R,DEA2D,2009-10-21T00:00:00.000Z,554068,706.92,1755601750.44312,427362.399052195,5334,
83,05358,05358,053580008008,Düren,Kreis,42,--,05,3,58,00,00,000,R,DEA26,2009-01-01T00:00:00.000Z,262889,941.49,2353380210.29785,378788.215320983,5358,
84,05362,05362,053620008008,Rhein-Erft-Kreis,Kreis,42,--,05,3,62,00,00,000,R,DEA27,2009-01-01T00:00:00.000Z,467209,704.7,1765819220.44434,307240.707074784,5362,
85,05366,05366,053660016016,Euskirchen,Kreis,42,--,05,3,66,00,00,000,R,DEA28,2009-01-01T00:00:00.000Z,192127,1248.72,3090618028.36621,454316.563826848,5366,
86,05370,05370,053700016016,Heinsberg,Kreis,42,--,05,3,70,00,00,000,R,DEA29,2009-01-01T00:00:00.000Z,253106,627.92,1584840715.54761,264154.587985003,5370,
87,05374,05374,053740012012,Oberbergischer Kreis,Kreis,42,--,05,3,74,00,00,000,R,DEA2A,2009-01-01T00:00:00.000Z,272968,918.84,2316589919.63184,352762.858425548,5374,
88,05378,05378,053780004004,Rheinisch-Bergischer Kreis,Kreis,42,--,05,3,78,00,00,000,R,DEA2B,2009-01-01T00:00:00.000Z,283344,437.32,1105993879.07861,260985.356091683,5378,
89,05382,05382,053820060060,Rhein-Sieg-Kreis,Kreis,42,--,05,3,82,00,00,000,R,DEA2C,2009-01-01T00:00:00.000Z,599056,1153.2,2876011234.9126,497332.352716295,5382,
90,05512,05512,055120000000,Bottrop,Kreisfreie Stadt,40,--,05,5,12,00,00,000,R,DEA31,1976-07-01T00:00:00.000Z,117364,100.61,259116815.96582,92620.0225928316,5512,
91,05513,05513,055130000000,Gelsenkirchen,Kreisfreie Stadt,40,--,05,5,13,00,00,000,R,DEA32,2002-11-01T00:00:00.000Z,260305,104.94,271960700.430176,91865.3015477603,5513,
92,05515,05515,055150000000,Münster,Kreisfreie Stadt,40,--,05,5,15,00,00,000,R,DEA33,1975-01-01T00:00:00.000Z,313559,303.28,797934996.985352,169086.891390795,5515,
93,05554,05554,055540012012,Borken,Kreis,42,--,05,5,54,00,00,000,R,DEA34,2009-01-01T00:00:00.000Z,369718,1420.96,3737314378.6792,439355.886436289,5554,
94,05558,05558,055580012012,Coesfeld,Kreis,42,--,05,5,58,00,00,000,R,DEA35,2009-01-01T00:00:00.000Z,219360,1112.04,2912662682.3208,353683.533016555,5558,
95,05562,05562,055620032032,Recklinghausen,Kreis,42,--,05,5,62,00,00,000,R,DEA36,2009-01-01T00:00:00.000Z,616824,761.32,1976671250.68066,314459.712629151,5562,
96,05566,05566,055660084084,Steinfurt,Kreis,42,--,05,5,66,00,00,000,R,DEA37,2009-01-01T00:00:00.000Z,446565,1795.76,4774008539.46973,413171.769045541,5566,
97,05570,05570,055700052052,Warendorf,Kreis,42,--,05,5,70,00,00,000,R,DEA38,2009-01-01T00:00:00.000Z,277458,1319.42,3453550289.16797,387645.254614778,5570,
98,05711,05711,057110000000,Bielefeld,Kreisfreie Stadt,40,--,05,7,11,00,00,000,R,DEA41,1973-01-01T00:00:00.000Z,332552,258.82,682706493.437988,158968.843330452,5711,
99,05754,05754,057540008008,Gütersloh,Kreis,42,--,05,7,54,00,00,000,R,DEA42,2009-01-01T00:00:00.000Z,363049,969.21,2545954339.89014,342013.392363485,5754,
100,05758,05758,057580012012,Herford,Kreis,42,--,05,7,58,00,00,000,R,DEA43,2009-01-01T00:00:00.000Z,251539,450.41,1196281268.88721,247303.239545464,5758,
101,05762,05762,057620020020,Höxter,Kreis,42,--,05,7,62,00,00,000,R,DEA44,2009-01-01T00:00:00.000Z,141565,1201.42,3119089814.34424,348632.289864698,5762,
102,05766,05766,057660020020,Lippe,Kreis,42,--,05,7,66,00,00,000,R,DEA45,2009-01-01T00:00:00.000Z,349069,1246.19,3278856316.6875,381490.418464037,5766,
103,05770,05770,057700024024,Minden-Lübbecke,Kreis,42,--,05,7,70,00,00,000,R,DEA46,2009-01-01T00:00:00.000Z,311207,1152.42,3082696673.49463,426889.117382515,5770,
104,05774,05774,057740032032,Paderborn,Kreis,42,--,05,7,74,00,00,000,R,DEA47,2009-01-01T00:00:00.000Z,305362,1246.78,3235793661.18848,329476.990253506,5774,
105,05911,05911,059110000000,Bochum,Kreisfreie Stadt,40,--,05,9,11,00,00,000,R,DEA51,1975-01-01T00:00:00.000Z,365529,145.66,372648258.08252,102641.54651333,5911,
106,05913,05913,059130000000,Dortmund,Kreisfreie Stadt,40,--,05,9,13,00,00,000,R,DEA52,1975-01-01T00:00:00.000Z,586600,280.71,721184542.465332,157706.987274162,5913,
107,05914,05914,059140000000,Hagen,Kreisfreie Stadt,40,--,05,9,14,00,00,000,R,DEA53,1999-02-01T00:00:00.000Z,187730,160.45,410483737.105469,135852.097974115,5914,
108,05915,05915,059150000000,Hamm,Kreisfreie Stadt,40,--,05,9,15,00,00,000,R,DEA54,2003-03-01T00:00:00.000Z,179185,226.43,590784255.856934,151081.523373315,5915,
109,05916,05916,059160000000,Herne,Kreisfreie Stadt,40,--,05,9,16,00,00,000,R,DEA55,2002-11-01T00:00:00.000Z,156490,51.42,132920963.501953,63032.4518703034,5916,
110,05954,05954,059540024024,Ennepe-Ruhr-Kreis,Kreis,42,--,05,9,54,00,00,000,R,DEA56,2009-01-01T00:00:00.000Z,324670,409.63,1051786961.3125,268372.697870622,5954,
111,05958,05958,059580032032,Hochsauerlandkreis,Kreis,42,--,05,9,58,00,00,000,R,DEA57,2009-11-01T00:00:00.000Z,261591,1960.15,5007548828.66748,553895.136960361,5958,
112,05962,05962,059620032032,Märkischer Kreis,Kreis,42,--,05,9,62,00,00,000,R,DEA58,2009-01-01T00:00:00.000Z,413383,1061.06,2706162722.05664,324645.934795144,5962,
113,05966,05966,059660024024,Olpe,Kreis,42,--,05,9,66,00,00,000,R,DEA59,2009-01-01T00:00:00.000Z,134808,712.14,1801117155.39746,302623.941816386,5966,
114,05970,05970,059700040040,Siegen-Wittgenstein,Kreis,42,--,05,9,70,00,00,000,R,DEA5A,2009-01-01T00:00:00.000Z,277977,1132.89,2851827103.44287,350484.040012295,5970,
115,05974,05974,059740040040,Soest,Kreis,42,--,05,9,74,00,00,000,R,DEA5B,2009-01-01T00:00:00.000Z,301693,1328.63,3435299750.771,353313.732857758,5974,
116,05978,05978,059780036036,Unna,Kreis,42,--,05,9,78,00,00,000,R,DEA5C,2009-01-01T00:00:00.000Z,393934,543.21,1403383094.13916,320631.699478259,5978,
117,06411,06411,064110000000,Darmstadt,Kreisfreie Stadt,40,--,06,4,11,00,00,000,R,DE711,1977-01-01T00:00:00.000Z,158254,122.07,296211267.76709,97317.1451073037,6411,
118,06412,06412,064120000000,Frankfurt am Main,Kreisfreie Stadt,40,--,06,4,12,00,00,000,R,DE712,1977-01-01T00:00:00.000Z,746878,248.31,603009720.770508,167143.05874155,6412,
119,06413,06413,064130000000,Offenbach am Main,Kreisfreie Stadt,40,--,06,4,13,00,00,000,R,DE713,1977-01-01T00:00:00.000Z,126658,44.88,110045879.028809,63141.7537515428,6413,
120,06414,06414,064140000000,Wiesbaden,Kreisfreie Stadt,40,--,06,4,14,00,00,000,R,DE714,1977-01-01T00:00:00.000Z,278654,203.87,494382062.487305,118694.769390317,6414,
121,06431,06431,064310011011,Bergstraße,Landkreis,43,--,06,4,31,00,00,000,R,DE715,2009-01-01T00:00:00.000Z,268780,719.48,1711214898.93896,355447.736360374,6431,
122,06432,06432,064110000000,Darmstadt-Dieburg,Landkreis,43,--,06,4,32,00,00,000,R,DE716,1977-01-01T00:00:00.000Z,296048,658.61,1580802689.37695,332109.110016561,6432,
123,06433,06433,064330006006,Groß-Gerau,Landkreis,43,--,06,4,33,00,00,000,R,DE717,2009-01-01T00:00:00.000Z,271403,453.03,1091755045.24268,216922.527280409,6433,
124,06434,06434,064340001001,Hochtaunuskreis,Landkreis,43,--,06,4,34,00,00,000,R,DE718,2009-01-01T00:00:00.000Z,235995,481.84,1176102081.34277,233381.589572915,6434,
125,06435,06435,064350010010,Main-Kinzig-Kreis,Landkreis,43,--,06,4,35,00,00,000,R,DE719,2011-07-01T00:00:00.000Z,418208,1397.33,3411554763.28564,469282.831295933,6435,
126,06436,06436,064360007007,Main-Taunus-Kreis,Landkreis,43,--,06,4,36,00,00,000,R,DE71A,2009-01-01T00:00:00.000Z,236969,222.52,537901464.884766,182820.506664208,6436,
127,06437,06437,064370006006,Odenwaldkreis,Landkreis,43,--,06,4,37,00,00,000,R,DE71B,2009-01-01T00:00:00.000Z,96597,623.99,1490455754.40479,270119.080067104,6437,
128,06438,06438,064380001001,Offenbach,Landkreis,43,--,06,4,38,00,00,000,R,DE71C,2009-01-01T00:00:00.000Z,351692,356.23,861607041.43457,182185.029673863,6438,
129,06439,06439,064390002002,Rheingau-Taunus-Kreis,Landkreis,43,--,06,4,39,00,00,000,R,DE71D,2009-01-01T00:00:00.000Z,186602,811.42,1974499973.44141,316036.918114841,6439,
130,06440,06440,064400008008,Wetteraukreis,Landkreis,43,--,06,4,40,00,00,000,R,DE71E,2009-01-01T00:00:00.000Z,305312,1100.69,2700795693.47412,411288.556144735,6440,
131,06531,06531,065310005005,Gießen,Landkreis,43,--,06,5,31,00,00,000,R,DE721,2009-01-01T00:00:00.000Z,267056,854.56,2117761663.03857,341215.779816029,6531,
132,06532,06532,065320023023,Lahn-Dill-Kreis,Landkreis,43,--,06,5,32,00,00,000,R,DE722,2009-01-01T00:00:00.000Z,254164,1066.3,2646095784.93213,344224.682083319,6532,
133,06533,06533,065330009009,Limburg-Weilburg,Landkreis,43,--,06,5,33,00,00,000,R,DE723,2009-01-01T00:00:00.000Z,171971,738.43,1818940025.40088,269878.371962852,6533,
134,06534,06534,065340014014,Marburg-Biedenkopf,Landkreis,43,--,06,5,34,00,00,000,R,DE724,2009-01-01T00:00:00.000Z,246165,1262.37,3160119453.37354,346728.534777223,6534,
135,06535,06535,065350011011,Vogelsbergkreis,Landkreis,43,--,06,5,35,00,00,000,R,DE725,2009-01-01T00:00:00.000Z,106451,1458.91,3620706872.16406,442922.708637121,6535,
136,06611,06611,066110000000,Kassel,Kreisfreie Stadt,40,--,06,6,11,00,00,000,R,DE731,2004-12-31T00:00:00.000Z,200736,106.8,266969950.109375,99282.7561038198,6611,
137,06631,06631,066310009009,Fulda,Landkreis,43,--,06,6,31,00,00,000,R,DE732,2009-01-01T00:00:00.000Z,221783,1380.42,3419493580.19971,392351.11794584,6631,
138,06632,06632,066320002002,Hersfeld-Rotenburg,Landkreis,43,--,06,6,32,00,00,000,R,DE733,2009-01-01T00:00:00.000Z,121101,1097.74,2757278119.6543,378249.744120841,6632,
139,06633,06633,066110000000,Kassel,Landkreis,43,--,06,6,33,00,00,000,R,DE734,2015-01-01T00:00:00.000Z,236674,1293.36,3323194360.0166,592337.160985562,6633,
140,06634,06634,066340009009,Schwalm-Eder-Kreis,Landkreis,43,--,06,6,34,00,00,000,R,DE735,2009-01-01T00:00:00.000Z,180754,1539.01,3885889490.91748,419547.780181896,6634,
141,06635,06635,066350015015,Waldeck-Frankenberg,Landkreis,43,--,06,6,35,00,00,000,R,DE736,2009-11-01T00:00:00.000Z,157256,1848.7,4697703562.9082,502876.694534581,6635,
142,06636,06636,066360003003,Werra-Meißner-Kreis,Landkreis,43,--,06,6,36,00,00,000,R,DE737,2009-01-01T00:00:00.000Z,101101,1024.84,2604634702.03809,442169.08742182,6636,
143,07111,07111,071110000000,Koblenz,Kreisfreie Stadt,40,--,07,1,11,00,00,000,K,DEB11,1970-11-07T00:00:00.000Z,113844,105.25,259909027.6875,94040.3010966541,7111,
144,07131,07131,071310007007,Ahrweiler,Landkreis,43,--,07,1,31,00,00,000,K,DEB12,2009-01-01T00:00:00.000Z,128914,787.02,1940004320.26123,311175.82440818,7131,
145,07132,07132,071325001501,Altenkirchen (Westerwald),Landkreis,43,--,07,1,32,00,00,000,K,DEB13,2009-01-01T00:00:00.000Z,128791,642.38,1599584090.71582,357804.468546903,7132,
146,07133,07133,071330006006,Bad Kreuznach,Landkreis,43,--,07,1,33,00,00,000,K,DEB14,2009-01-01T00:00:00.000Z,157549,863.89,2073886557.85498,294637.305420185,7133,
147,07134,07134,071345002010,Birkenfeld,Landkreis,43,--,07,1,34,00,00,000,K,DEB15,2009-01-01T00:00:00.000Z,80728,776.82,1856732573.99658,268658.786941259,7134,
148,07135,07135,071355001020,Cochem-Zell,Landkreis,43,--,07,1,35,00,00,000,K,DEB16,2014-07-01T00:00:00.000Z,61662,692.47,1684792072.69092,288957.399324261,7135,
149,07137,07137,071110000000,Mayen-Koblenz,Landkreis,43,--,07,1,37,00,00,000,K,DEB17,1974-03-16T00:00:00.000Z,213554,817.69,2001446312.58252,438684.608864379,7137,
150,07138,07138,071380045045,Neuwied,Landkreis,43,--,07,1,38,00,00,000,K,DEB18,2009-01-01T00:00:00.000Z,181655,627.04,1553300045.51465,282672.682003583,7138,
151,07140,07140,071405007144,Rhein-Hunsrück-Kreis,Landkreis,43,--,07,1,40,00,00,000,K,DEB19,2014-07-01T00:00:00.000Z,102938,991.07,2400518444.78076,346113.72189098,7140,
152,07141,07141,071415001006,Rhein-Lahn-Kreis,Landkreis,43,--,07,1,41,00,00,000,K,DEB1A,2009-01-01T00:00:00.000Z,122381,782.2,1910197057.31641,332409.482825943,7141,
153,07143,07143,071435004048,Westerwaldkreis,Landkreis,43,--,07,1,43,00,00,000,K,DEB1B,2009-01-01T00:00:00.000Z,201039,989.06,2449693395.271,406568.494609408,7143,
154,07211,07211,072110000000,Trier,Kreisfreie Stadt,40,--,07,2,11,00,00,000,K,DEB21,2017-07-01T00:00:00.000Z,110013,117.06,276568425.175293,133660.104629931,7211,
155,07231,07231,072310134134,Bernkastel-Wittlich,Landkreis,43,--,07,2,31,00,00,000,K,DEB22,2012-01-01T00:00:00.000Z,112134,1167.93,2816520054.1748,328828.158773482,7231,
156,07232,07232,072320018018,Eifelkreis Bitburg-Prüm,Landkreis,43,--,07,2,32,00,00,000,K,DEB23,2009-01-01T00:00:00.000Z,98213,1626.94,3945816982.10327,404215.281600451,7232,
157,07233,07233,072335001501,Vulkaneifel,Landkreis,43,--,07,2,33,00,00,000,K,DEB24,2009-01-01T00:00:00.000Z,60705,911.65,2225754933.9292,402164.522638558,7233,
158,07235,07235,072110000000,Trier-Saarburg,Landkreis,43,--,07,2,35,00,00,000,K,DEB25,2017-07-01T00:00:00.000Z,148532,1102.2,2639233648.0083,502257.899932193,7235,
159,07311,07311,073110000000,Frankenthal (Pfalz),Kreisfreie Stadt,40,--,07,3,11,00,00,000,K,DEB31,1969-06-07T00:00:00.000Z,48417,43.88,103697653.761719,63267.2022890295,7311,
160,07312,07312,073120000000,Kaiserslautern,Kreisfreie Stadt,40,--,07,3,12,00,00,000,K,DEB32,1969-06-07T00:00:00.000Z,99684,139.7,331151535.223633,115643.3761927,7312,
161,07313,07313,073130000000,Landau in der Pfalz,Kreisfreie Stadt,40,--,07,3,13,00,00,000,K,DEB33,1972-04-22T00:00:00.000Z,46292,82.94,194354950.835449,135031.348901295,7313,
162,07314,07314,073140000000,Ludwigshafen am Rhein,Kreisfreie Stadt,40,--,07,3,14,00,00,000,K,DEB34,1974-03-16T00:00:00.000Z,168497,77.43,184323441.13623,79906.7526290374,7314,
163,07315,07315,073150000000,Mainz,Kreisfreie Stadt,40,--,07,3,15,00,00,000,K,DEB35,1969-06-07T00:00:00.000Z,215110,97.73,235839881.130859,96532.8465062134,7315,
164,07316,07316,073160000000,Neustadt an der Weinstraße,Kreisfreie Stadt,40,--,07,3,16,00,00,000,K,DEB36,1974-03-16T00:00:00.000Z,53353,117.09,276108734.583496,113874.128216636,7316,
165,07317,07317,073170000000,Pirmasens,Kreisfreie Stadt,40,--,07,3,17,00,00,000,K,DEB37,1972-04-22T00:00:00.000Z,40632,61.36,143852015.812988,74930.6510832027,7317,
166,07318,07318,073180000000,Speyer,Kreisfreie Stadt,40,--,07,3,18,00,00,000,K,DEB38,1968-10-01T00:00:00.000Z,50931,42.71,100752885.70752,61793.2023114106,7318,
167,07319,07319,073190000000,Worms,Kreisfreie Stadt,40,--,07,3,19,00,00,000,K,DEB39,1969-06-07T00:00:00.000Z,83081,108.73,259160918.932617,113953.597137077,7319,
168,07320,07320,073200000000,Zweibrücken,Kreisfreie Stadt,40,--,07,3,20,00,00,000,K,DEB3A,1972-04-22T00:00:00.000Z,34270,70.64,166161208.965332,90706.1563852484,7320,
169,07331,07331,073310003003,Alzey-Worms,Landkreis,43,--,07,3,31,00,00,000,K,DEB3B,2009-01-01T00:00:00.000Z,128519,588.08,1407468231.44531,292886.90714469,7331,
170,07332,07332,073320002002,Bad Dürkheim,Landkreis,43,--,07,3,32,00,00,000,K,DEB3C,2009-01-01T00:00:00.000Z,132739,594.61,1404067505.07813,301121.52503494,7332,
171,07333,07333,073335004039,Donnersbergkreis,Landkreis,43,--,07,3,33,00,00,000,K,DEB3D,2009-01-01T00:00:00.000Z,75102,645.42,1535032542.78271,244984.046738801,7333,
172,07334,07334,073340007007,Germersheim,Landkreis,43,--,07,3,34,00,00,000,K,DEB3E,2009-01-01T00:00:00.000Z,128477,463.32,1080675298.95215,212479.547322601,7334,
173,07335,07335,073120000000,Kaiserslautern,Landkreis,43,--,07,3,35,00,00,000,K,DEB3F,1972-04-22T00:00:00.000Z,105649,639.98,1514350613.0957,407290.813475305,7335,
174,07336,07336,073365003055,Kusel,Landkreis,43,--,07,3,36,00,00,000,K,DEB3G,2009-01-01T00:00:00.000Z,70764,573.58,1359884117.43652,280495.001528831,7336,
175,07337,07337,073130000000,Südliche Weinstraße,Landkreis,43,--,07,3,37,00,00,000,K,DEB3H,1978-01-01T00:00:00.000Z,110622,639.95,1495932184.31201,415844.734356937,7337,
176,07338,07338,073140000000,Rhein-Pfalz-Kreis,Landkreis,43,--,07,3,38,00,00,000,K,DEB3I,2004-01-01T00:00:00.000Z,153629,305.01,718948912.254883,280536.215288435,7338,
177,07339,07339,073390030030,Mainz-Bingen,Landkreis,43,--,07,3,39,00,00,000,K,DEB3J,2009-01-01T00:00:00.000Z,209785,605.37,1459521082.2124,354880.924834609,7339,
178,07340,07340,073170000000,Südwestpfalz,Landkreis,43,--,07,3,40,00,00,000,K,DEB3K,1997-01-01T00:00:00.000Z,95474,953.59,2233525737.47559,439536.609777997,7340,
179,08111,08111,081110000000,Stuttgart,Stadtkreis,41,--,08,1,11,00,00,000,R,DE111,1973-01-01T00:00:00.000Z,632743,207.35,482611902.45459,144575.251995068,8111,
180,08115,08115,081150003003,Böblingen,Landkreis,43,--,08,1,15,00,00,000,R,DE112,2014-04-01T00:00:00.000Z,389548,617.78,1414516368.59424,292635.235358133,8115,
181,08116,08116,081160019019,Esslingen,Landkreis,43,--,08,1,16,00,00,000,R,DE113,2014-04-01T00:00:00.000Z,532447,641.28,1464511459.48926,287938.203718926,8116,
182,08117,08117,081175005026,Göppingen,Landkreis,43,--,08,1,17,00,00,000,R,DE114,2009-01-01T00:00:00.000Z,256345,642.33,1471838881.3623,294103.819602847,8117,
183,08118,08118,081180048048,Ludwigsburg,Landkreis,43,--,08,1,18,00,00,000,R,DE115,2009-01-01T00:00:00.000Z,542630,686.75,1590287125.69434,321642.209727429,8118,
184,08119,08119,081190079079,Rems-Murr-Kreis,Landkreis,43,--,08,1,19,00,00,000,R,DE116,2009-01-01T00:00:00.000Z,424878,858.09,1982077113.31836,323524.527492905,8119,
185,08121,08121,081210000000,Heilbronn,Stadtkreis,41,--,08,1,21,00,00,000,R,DE117,1974-04-01T00:00:00.000Z,125113,99.89,234993078.050781,102137.181655139,8121,
186,08125,08125,081210000000,Heilbronn,Landkreis,43,--,08,1,25,00,00,000,R,DE118,1974-04-01T00:00:00.000Z,340772,1099.94,2568865456.20215,547179.807419813,8125,
187,08126,08126,081265003046,Hohenlohekreis,Landkreis,43,--,08,1,26,00,00,000,R,DE119,2009-01-01T00:00:00.000Z,111392,776.76,1823605409.22705,353703.37334544,8126,
188,08127,08127,081275009076,Schwäbisch Hall,Landkreis,43,--,08,1,27,00,00,000,R,DE11A,2009-01-01T00:00:00.000Z,194203,1484.06,3464873950.2373,519710.822450362,8127,
189,08128,08128,081285004115,Main-Tauber-Kreis,Landkreis,43,--,08,1,28,00,00,000,R,DE11B,2009-01-01T00:00:00.000Z,132189,1304.13,3098433535.39355,552555.233526719,8128,
190,08135,08135,081355002019,Heidenheim,Landkreis,43,--,08,1,35,00,00,000,R,DE11C,2009-01-01T00:00:00.000Z,132006,627.11,1436949919.81299,355965.41834643,8135,
191,08136,08136,081365001088,Ostalbkreis,Landkreis,43,--,08,1,36,00,00,000,R,DE11D,2009-01-01T00:00:00.000Z,312422,1511.38,3488995001.15186,528154.046376114,8136,
192,08211,08211,082110000000,Baden-Baden,Stadtkreis,41,--,08,2,11,00,00,000,R,DE121,1975-01-01T00:00:00.000Z,54718,140.19,321724999.291016,148727.615747736,8211,
193,08212,08212,082120000000,Karlsruhe,Stadtkreis,41,--,08,2,12,00,00,000,R,DE122,1975-02-14T00:00:00.000Z,311919,173.42,403964186.039063,123682.644098953,8212,
194,08215,08215,082120000000,Karlsruhe,Landkreis,43,--,08,2,15,00,00,000,R,DE123,1975-02-14T00:00:00.000Z,442673,1085.27,2525599202.01416,434590.894502277,8215,
195,08216,08216,082165005043,Rastatt,Landkreis,43,--,08,2,16,00,00,000,R,DE124,2009-01-01T00:00:00.000Z,230216,738.42,1698319798.86475,452542.759595984,8216,
196,08221,08221,082210000000,Heidelberg,Stadtkreis,41,--,08,2,21,00,00,000,R,DE125,2008-06-03T00:00:00.000Z,160601,108.89,257855659.149414,103860.467530332,8221,
197,08222,08222,082220000000,Mannheim,Stadtkreis,41,--,08,2,22,00,00,000,R,DE126,1973-01-01T00:00:00.000Z,307997,144.97,343645244.277344,101976.645787114,8222,
198,08225,08225,082255005058,Neckar-Odenwald-Kreis,Landkreis,43,--,08,2,25,00,00,000,R,DE127,2009-01-01T00:00:00.000Z,143376,1125.95,2661938597.24854,376886.466015186,8225,
199,08226,08226,082210000000,Rhein-Neckar-Kreis,Landkreis,43,--,08,2,26,00,00,000,R,DE128,2008-06-03T00:00:00.000Z,546745,1061.53,2498729631.50146,577872.359029773,8226,
200,08231,08231,082310000000,Pforzheim,Stadtkreis,41,--,08,2,31,00,00,000,R,DE129,1975-09-20T00:00:00.000Z,124289,98.07,226817846.882813,88017.7419974868,8231,
201,08235,08235,082355006085,Calw,Landkreis,43,--,08,2,35,00,00,000,R,DE12A,2009-01-01T00:00:00.000Z,157424,797.31,1827315538.38867,310135.890053655,8235,
202,08236,08236,082310000000,Enzkreis,Landkreis,43,--,08,2,36,00,00,000,R,DE12B,1975-09-20T00:00:00.000Z,198369,573.62,1326254449.49658,348261.738835509,8236,
203,08237,08237,082375002028,Freudenstadt,Landkreis,43,--,08,2,37,00,00,000,R,DE12C,2009-01-01T00:00:00.000Z,117456,870.4,1980449638.39648,329233.023868689,8237,
204,08311,08311,083110000000,Freiburg im Breisgau,Stadtkreis,41,--,08,3,11,00,00,000,R,DE131,1978-01-01T00:00:00.000Z,229636,153.04,344064636.164063,135593.954172372,8311,
205,08315,08315,083110000000,Breisgau-Hochschwarzwald,Landkreis,43,--,08,3,15,00,00,000,R,DE132,1978-01-01T00:00:00.000Z,262405,1378.33,3064348201.7876,548086.285378423,8315,
206,08316,08316,083165003011,Emmendingen,Landkreis,43,--,08,3,16,00,00,000,R,DE133,2009-01-01T00:00:00.000Z,164712,679.79,1527379225.80273,256221.460708357,8316,
207,08317,08317,083175010096,Ortenaukreis,Landkreis,43,--,08,3,17,00,00,000,R,DE134,2009-01-01T00:00:00.000Z,425932,1860.28,4219072742.30518,392391.4920757,8317,
208,08325,08325,083255003049,Rottweil,Landkreis,43,--,08,3,25,00,00,000,R,DE135,2009-01-01T00:00:00.000Z,138858,769.43,1734684586.14551,323133.200095966,8325,
209,08326,08326,083265004074,Schwarzwald-Baar-Kreis,Landkreis,43,--,08,3,26,00,00,000,R,DE136,2009-01-01T00:00:00.000Z,211207,1025.34,2291695827.65967,341309.182885753,8326,
210,08327,08327,083275006050,Tuttlingen,Landkreis,43,--,08,3,27,00,00,000,R,DE137,2009-01-01T00:00:00.000Z,139397,734.35,1638889915.51367,268598.195302002,8327,
211,08335,08335,083355004043,Konstanz,Landkreis,43,--,08,3,35,00,00,000,R,DE138,2009-01-01T00:00:00.000Z,284015,817.97,1810172857.59668,448796.924626372,8335,
212,08336,08336,083365003050,Lörrach,Landkreis,43,--,08,3,36,00,00,000,R,DE139,2009-01-01T00:00:00.000Z,228314,806.72,1781372370.81543,247907.244977495,8336,
213,08337,08337,083375007126,Waldshut,Landkreis,43,--,08,3,37,00,00,000,R,DE13A,2009-01-01T00:00:00.000Z,170198,1131.09,2495100705.98926,409561.689485202,8337,
214,08415,08415,084150061061,Reutlingen,Landkreis,43,--,08,4,15,00,00,000,R,DE141,2011-01-01T00:00:00.000Z,285754,1092.45,2476523074.01318,372911.411497465,8415,
215,08416,08416,084160041041,Tübingen,Landkreis,43,--,08,4,16,00,00,000,R,DE142,2009-01-01T00:00:00.000Z,225755,519.12,1182678812.72021,253224.334805577,8416,
216,08417,08417,084175002002,Zollernalbkreis,Landkreis,43,--,08,4,17,00,00,000,R,DE143,2009-01-01T00:00:00.000Z,188170,917.56,2068321777.38867,299364.593677234,8417,
217,08421,08421,084210000000,Ulm,Stadtkreis,41,--,08,4,21,00,00,000,R,DE144,1997-01-01T00:00:00.000Z,125596,118.68,270400171.054688,136400.32622597,8421,
218,08425,08425,084210000000,Alb-Donau-Kreis,Landkreis,43,--,08,4,25,00,00,000,R,DE145,2011-01-01T00:00:00.000Z,194629,1358.54,3077045546.54541,601959.415902455,8425,
219,08426,08426,084265003021,Biberach,Landkreis,43,--,08,4,26,00,00,000,R,DE146,2009-01-01T00:00:00.000Z,198265,1409.49,3159807110.28271,437324.045265484,8426,
220,08435,08435,084355002016,Bodenseekreis,Landkreis,43,--,08,4,35,00,00,000,R,DE147,2009-01-01T00:00:00.000Z,214655,664.77,1469798150.63086,287524.040422766,8435,
221,08436,08436,084365005064,Ravensburg,Landkreis,43,--,08,4,36,00,00,000,R,DE148,2009-01-01T00:00:00.000Z,283264,1632.09,3618263795.27197,478308.718572025,8436,
222,08437,08437,084375006104,Sigmaringen,Landkreis,43,--,08,4,37,00,00,000,R,DE149,2009-01-01T00:00:00.000Z,130192,1204.22,2692530036.64893,434470.773327062,8437,
223,09161,09161,091610000000,Ingolstadt,Kreisfreie Stadt,40,--,09,1,61,00,00,000,R,DE211,1972-07-01T00:00:00.000Z,135244,133.35,306967004.344727,115923.429650636,9161,
224,09162,09162,091620000000,München,Kreisfreie Stadt,40,--,09,1,62,00,00,000,R,DE212,2004-12-31T00:00:00.000Z,1456039,310.71,699169922.274414,169919.914447118,9162,
225,09163,09163,091630000000,Rosenheim,Kreisfreie Stadt,40,--,09,1,63,00,00,000,R,DE213,2004-12-31T00:00:00.000Z,63080,37.22,81176951.4599609,45849.9657391964,9163,
226,09171,09171,091710111111,Altötting,Landkreis,43,--,09,1,71,00,00,000,R,DE214,2009-01-01T00:00:00.000Z,110338,569.29,1281150541.72852,239823.823806846,9171,
227,09172,09172,091720114114,Berchtesgadener Land,Landkreis,43,--,09,1,72,00,00,000,R,DE215,2009-01-01T00:00:00.000Z,105052,839.85,1852878759.96338,330527.422246838,9172,
228,09173,09173,091730112112,Bad Tölz-Wolfratshausen,Landkreis,43,--,09,1,73,00,00,000,R,DE216,2009-01-01T00:00:00.000Z,126572,1110.66,2455436976.23047,349101.620333483,9173,
229,09174,09174,091740115115,Dachau,Landkreis,43,--,09,1,74,00,00,000,R,DE217,2009-01-01T00:00:00.000Z,152703,579.15,1310362333.15039,247091.871048404,9174,
230,09175,09175,091750115115,Ebersberg,Landkreis,43,--,09,1,75,00,00,000,R,DE218,2009-01-01T00:00:00.000Z,140800,549.38,1230813847.77344,234582.259994806,9175,
231,09176,09176,091760123123,Eichstätt,Landkreis,43,--,09,1,76,00,00,000,R,DE219,2017-03-13T00:00:00.000Z,131646,1213.83,2807677852.86475,467173.175109329,9176,
232,09177,09177,091770117117,Erding,Landkreis,43,--,09,1,77,00,00,000,R,DE21A,2009-01-01T00:00:00.000Z,136884,870.73,1966379848.10742,276314.42056546,9177,
233,09178,09178,091780124124,Freising,Landkreis,43,--,09,1,78,00,00,000,R,DE21B,2009-01-01T00:00:00.000Z,177997,799.84,1813217914.52051,298620.59822846,9178,
234,09179,09179,091790121121,Fürstenfeldbruck,Landkreis,43,--,09,1,79,00,00,000,R,DE21C,2009-01-01T00:00:00.000Z,217831,434.83,977186749.34082,226033.390054921,9179,
235,09180,09180,091800117117,Garmisch-Partenkirchen,Landkreis,43,--,09,1,80,00,00,000,R,DE21D,2009-01-01T00:00:00.000Z,88155,1012.2,2220512515.5918,299547.844478292,9180,
236,09181,09181,091810130130,Landsberg am Lech,Landkreis,43,--,09,1,81,00,00,000,R,DE21E,2009-01-01T00:00:00.000Z,119141,804.38,1795334360.09668,329138.42077196,9181,
237,09182,09182,091820125125,Miesbach,Landkreis,43,--,09,1,82,00,00,000,R,DE21F,2011-01-01T00:00:00.000Z,99189,866.22,1915532006.84961,312957.021268389,9182,
238,09183,09183,091830128128,Mühldorf a. Inn,Landkreis,43,--,09,1,83,00,00,000,R,DE21G,2009-01-01T00:00:00.000Z,114486,805.35,1813799145.77734,377141.7384042,9183,
239,09184,09184,091620000000,München,Landkreis,43,--,09,1,84,00,00,000,R,DE21H,2011-01-01T00:00:00.000Z,346433,664.26,1486362127.71973,378572.45383497,9184,
240,09185,09185,091850149149,Neuburg-Schrobenhausen,Landkreis,43,--,09,1,85,00,00,000,R,DE21I,2009-01-01T00:00:00.000Z,96164,739.72,1695078716.41992,334944.519057305,9185,
241,09186,09186,091860143143,Pfaffenhofen a.d. Ilm,Landkreis,43,--,09,1,86,00,00,000,R,DE21J,2017-03-13T00:00:00.000Z,126244,761.04,1737772541.49609,346746.802457217,9186,
242,09187,09187,091630000000,Rosenheim,Landkreis,43,--,09,1,87,00,00,000,R,DE21K,2004-12-31T00:00:00.000Z,259449,1439.45,3200315144.56396,563563.772154054,9187,
243,09188,09188,091880139139,Starnberg,Landkreis,43,--,09,1,88,00,00,000,R,DE21L,2009-01-01T00:00:00.000Z,135545,487.72,1086845350.68115,231267.013899729,9188,
244,09189,09189,091890155155,Traunstein,Landkreis,43,--,09,1,89,00,00,000,R,DE21M,2009-01-01T00:00:00.000Z,176290,1533.83,3407608074.8833,471102.420037072,9189,
245,09190,09190,091900157157,Weilheim-Schongau,Landkreis,43,--,09,1,90,00,00,000,R,DE21N,2009-01-01T00:00:00.000Z,134252,966.28,2141627564.05371,405393.202038164,9190,
246,09261,09261,092610000000,Landshut,Kreisfreie Stadt,40,--,09,2,61,00,00,000,R,DE221,1974-07-01T00:00:00.000Z,71193,65.83,150823938.434082,101558.815218547,9261,
247,09262,09262,092620000000,Passau,Kreisfreie Stadt,40,--,09,2,62,00,00,000,R,DE222,2016-01-01T00:00:00.000Z,51781,69.56,160315431.902344,87886.5164216275,9262,
248,09263,09263,092630000000,Straubing,Kreisfreie Stadt,40,--,09,2,63,00,00,000,R,DE223,1972-07-01T00:00:00.000Z,47586,67.59,156242866.510254,83984.5303269319,9263,
249,09271,09271,092710119119,Deggendorf,Landkreis,43,--,09,2,71,00,00,000,R,DE224,2013-04-01T00:00:00.000Z,118741,861.15,1981518865.14355,324279.871143441,9271,
250,09272,09272,092720118118,Freyung-Grafenau,Landkreis,43,--,09,2,72,00,00,000,R,DE225,2013-04-01T00:00:00.000Z,78345,983.99,2268251423.12598,310300.056269357,9272,
251,09273,09273,092730137137,Kelheim,Landkreis,43,--,09,2,73,00,00,000,R,DE226,2017-03-13T00:00:00.000Z,121119,1065.19,2454320856.40869,420963.388417532,9273,
252,09274,09274,092610000000,Landshut,Landkreis,43,--,09,2,74,00,00,000,R,DE227,2004-12-31T00:00:00.000Z,157239,1347.56,3073432256.26465,530846.249126584,9274,
253,09275,09275,092620000000,Passau,Landkreis,43,--,09,2,75,00,00,000,R,DE228,2016-01-01T00:00:00.000Z,190504,1530.09,3490028645.40234,526728.194289244,9275,
254,09276,09276,092760138138,Regen,Landkreis,43,--,09,2,76,00,00,000,R,DE229,2009-01-01T00:00:00.000Z,77489,974.79,2264920505.27246,295660.0769126,9276,
255,09277,09277,092770138138,Rottal-Inn,Landkreis,43,--,09,2,77,00,00,000,R,DE22A,2009-01-01T00:00:00.000Z,120371,1281.22,2906613703.28174,438388.483117181,9277,
256,09278,09278,092630000000,Straubing-Bogen,Landkreis,43,--,09,2,78,00,00,000,R,DE22B,1978-05-01T00:00:00.000Z,99838,1201.64,2776675537.62598,506105.719186319,9278,
257,09279,09279,092790112112,Dingolfing-Landau,Landkreis,43,--,09,2,79,00,00,000,R,DE22C,2009-01-01T00:00:00.000Z,95831,877.57,2007950394.21338,398221.197643178,9279,
258,09361,09361,093610000000,Amberg,Kreisfreie Stadt,40,--,09,3,61,00,00,000,R,DE231,1972-07-01T00:00:00.000Z,42248,50.13,119216888.153809,69504.3736475068,9361,
259,09362,09362,093620000000,Regensburg,Kreisfreie Stadt,40,--,09,3,62,00,00,000,R,DE232,2016-06-01T00:00:00.000Z,150894,80.85,185035655.154785,90722.3849198097,9362,
260,09363,09363,093630000000,Weiden i.d. OPf.,Kreisfreie Stadt,40,--,09,3,63,00,00,000,R,DE233,2011-06-01T00:00:00.000Z,42543,70.57,168352306.154785,110511.679505693,9363,
261,09371,09371,093610000000,Amberg-Sulzbach,Landkreis,43,--,09,3,71,00,00,000,R,DE234,1973-05-01T00:00:00.000Z,102836,1255.86,2970839965.8291,579490.30608706,9371,
262,09372,09372,093720116116,Cham,Landkreis,43,--,09,3,72,00,00,000,R,DE235,2017-01-01T00:00:00.000Z,127339,1526.82,3578407926.51563,458013.376451144,9372,
263,09373,09373,093730147147,Neumarkt i.d. OPf.,Landkreis,43,--,09,3,73,00,00,000,R,DE236,2012-04-18T00:00:00.000Z,132644,1343.95,3148248460.61426,465055.299852355,9373,
264,09374,09374,093740139139,Neustadt a.d. Waldnaab,Landkreis,43,--,09,3,74,00,00,000,R,DE237,2017-07-01T00:00:00.000Z,94486,1427.7,3408392303.05518,595426.314613209,9374,
265,09375,09375,093620000000,Regensburg,Landkreis,43,--,09,3,75,00,00,000,R,DE238,2016-06-01T00:00:00.000Z,192200,1391.71,3236440785.7041,627590.316356407,9375,
266,09376,09376,093760161161,Schwandorf,Landkreis,43,--,09,3,76,00,00,000,R,DE239,2017-01-01T00:00:00.000Z,146487,1458.39,3435555743.67822,532807.581842956,9376,
267,09377,09377,093770154154,Tirschenreuth,Landkreis,43,--,09,3,77,00,00,000,R,DE23A,2009-01-01T00:00:00.000Z,72730,1084.26,2610999331.10352,355643.25228766,9377,
268,09461,09461,094610000000,Bamberg,Kreisfreie Stadt,40,--,09,4,61,00,00,000,R,DE241,1972-07-01T00:00:00.000Z,77179,54.62,132280349.350586,63557.5995057059,9461,
269,09462,09462,094620000000,Bayreuth,Kreisfreie Stadt,40,--,09,4,62,00,00,000,R,DE242,2005-01-01T00:00:00.000Z,73999,66.89,161551846.234375,100380.308843933,9462,
270,09463,09463,094630000000,Coburg,Kreisfreie Stadt,40,--,09,4,63,00,00,000,R,DE243,1977-01-01T00:00:00.000Z,41236,48.29,117684538.315918,74216.8363688963,9463,
271,09464,09464,094640000000,Hof,Kreisfreie Stadt,40,--,09,4,64,00,00,000,R,DE244,1978-05-01T00:00:00.000Z,45950,58.02,142564522.569824,85325.5576113795,9464,
272,09471,09471,094610000000,Bamberg,Landkreis,43,--,09,4,71,00,00,000,R,DE245,1978-05-01T00:00:00.000Z,146584,1167.81,2808793020.13867,562717.612340111,9471,
273,09472,09472,094620000000,Bayreuth,Landkreis,43,--,09,4,72,00,00,000,R,DE246,2017-07-01T00:00:00.000Z,103805,1273.63,3063996041.36035,598753.709887001,9472,
274,09473,09473,094630000000,Coburg,Landkreis,43,--,09,4,73,00,00,000,R,DE247,2013-01-01T00:00:00.000Z,86885,590.41,1444550609.31787,413894.33240451,9473,
275,09474,09474,094740126126,Forchheim,Landkreis,43,--,09,4,74,00,00,000,R,DE248,2009-01-01T00:00:00.000Z,115681,642.81,1536467190.51855,311562.157272538,9474,
276,09475,09475,094640000000,Hof,Landkreis,43,--,09,4,75,00,00,000,R,DE249,1978-05-01T00:00:00.000Z,95773,892.52,2184684255.32227,457516.510663412,9475,
277,09476,09476,094760145145,Kronach,Landkreis,43,--,09,4,76,00,00,000,R,DE24A,2009-01-01T00:00:00.000Z,67474,651.5,1596621554.58203,305332.971914387,9476,
278,09477,09477,094770128128,Kulmbach,Landkreis,43,--,09,4,77,00,00,000,R,DE24B,2013-04-01T00:00:00.000Z,72012,658.32,1597560282.77686,316478.489766403,9477,
279,09478,09478,094780139139,Lichtenfels,Landkreis,43,--,09,4,78,00,00,000,R,DE24C,2013-01-01T00:00:00.000Z,66777,519.94,1262195537.11963,291581.498556134,9478,
280,09479,09479,094790169169,Wunsiedel i. Fichtelgebirge,Landkreis,43,--,09,4,79,00,00,000,R,DE24D,2009-01-01T00:00:00.000Z,73485,606.37,1470939091.14111,229768.287557588,9479,
281,09561,09561,095610000000,Ansbach,Kreisfreie Stadt,40,--,09,5,61,00,00,000,R,DE251,2010-01-01T00:00:00.000Z,41652,99.91,234424054.095215,107778.506722959,9561,
282,09562,09562,095620000000,Erlangen,Kreisfreie Stadt,40,--,09,5,62,00,00,000,R,DE252,1972-07-01T00:00:00.000Z,110998,76.96,185359307.525391,81972.1274920163,9562,
283,09563,09563,095630000000,Fürth,Kreisfreie Stadt,40,--,09,5,63,00,00,000,R,DE253,1972-07-01T00:00:00.000Z,126526,63.35,149880127.096191,70522.7946497299,9563,
284,09564,09564,095640000000,Nürnberg,Kreisfreie Stadt,40,--,09,5,64,00,00,000,R,DE254,2004-12-31T00:00:00.000Z,515201,186.45,443392621.786621,212160.613932942,9564,
285,09565,09565,095650000000,Schwabach,Kreisfreie Stadt,40,--,09,5,65,00,00,000,R,DE255,1972-07-01T00:00:00.000Z,40781,40.8,95779555.8188477,68268.0425756259,9565,
286,09571,09571,095610000000,Ansbach,Landkreis,43,--,09,5,71,00,00,000,R,DE256,2014-06-01T00:00:00.000Z,183256,1971.31,4625214816.72461,669462.657951339,9571,
287,09572,09572,095620000000,Erlangen-Höchstadt,Landkreis,43,--,09,5,72,00,00,000,R,DE257,2004-12-31T00:00:00.000Z,135334,564.59,1344662589.31738,466106.942690274,9572,
288,09573,09573,095730134134,Fürth,Landkreis,43,--,09,5,73,00,00,000,R,DE258,2009-01-01T00:00:00.000Z,116193,307.42,725916615.496094,182486.723607363,9573,
289,09574,09574,095740138138,Nürnberger Land,Landkreis,43,--,09,5,74,00,00,000,R,DE259,2009-01-01T00:00:00.000Z,169752,799.51,1888804042.09131,431013.089622434,9574,
290,09575,09575,095750153153,Neustadt a.d. Aisch-Bad Windsheim,Landkreis,43,--,09,5,75,00,00,000,R,DE25A,2014-06-01T00:00:00.000Z,99641,1267.45,3011267064.30957,440802.055891216,9575,
291,09576,09576,095760143143,Roth,Landkreis,43,--,09,5,76,00,00,000,R,DE25B,2009-01-01T00:00:00.000Z,126101,895.14,2094674551.09375,458184.490885392,9576,
292,09577,09577,095770177177,Weißenburg-Gunzenhausen,Landkreis,43,--,09,5,77,00,00,000,R,DE25C,2009-01-01T00:00:00.000Z,94208,970.78,2255366606.29932,339778.336030959,9577,
293,09661,09661,096610000000,Aschaffenburg,Kreisfreie Stadt,40,--,09,6,61,00,00,000,R,DE261,1978-05-01T00:00:00.000Z,69928,62.45,149556474.349609,78276.0979862568,9661,
294,09662,09662,096620000000,Schweinfurt,Kreisfreie Stadt,40,--,09,6,62,00,00,000,R,DE262,1972-07-01T00:00:00.000Z,53437,35.7,85969900.5600586,61481.2361107064,9662,
295,09663,09663,096630000000,Würzburg,Kreisfreie Stadt,40,--,09,6,63,00,00,000,R,DE263,1978-01-01T00:00:00.000Z,126635,87.6,210320590.472168,100665.130938099,9663,
296,09671,09671,096610000000,Aschaffenburg,Landkreis,43,--,09,6,71,00,00,000,R,DE264,2011-07-01T00:00:00.000Z,173969,699,1690729892.32422,356441.331437506,9671,
297,09672,09672,096720114114,Bad Kissingen,Landkreis,43,--,09,6,72,00,00,000,R,DE265,2015-01-01T00:00:00.000Z,103265,1136.85,2776047064.2002,436064.008541277,9672,
298,09673,09673,096730114114,Rhön-Grabfeld,Landkreis,43,--,09,6,73,00,00,000,R,DE266,2015-01-01T00:00:00.000Z,79796,1021.72,2508261608.60742,401209.126023076,9673,
299,09674,09674,096740147147,Haßberge,Landkreis,43,--,09,6,74,00,00,000,R,DE267,2009-01-01T00:00:00.000Z,84464,956.19,2318329774.27881,388895.401704205,9674,
300,09675,09675,096750141141,Kitzingen,Landkreis,43,--,09,6,75,00,00,000,R,DE268,2009-01-01T00:00:00.000Z,90429,684.16,1636599422.14502,311086.78494446,9675,
301,09676,09676,096760139139,Miltenberg,Landkreis,43,--,09,6,76,00,00,000,R,DE269,2009-01-01T00:00:00.000Z,128484,715.53,1711737509.08643,349029.685073059,9676,
302,09677,09677,096770148148,Main-Spessart,Landkreis,43,--,09,6,77,00,00,000,R,DE26A,2009-01-01T00:00:00.000Z,126523,1321.24,3194814893.03271,445646.301150955,9677,
303,09678,09678,096620000000,Schweinfurt,Landkreis,43,--,09,6,78,00,00,000,R,DE26B,1972-07-01T00:00:00.000Z,115105,841.38,2035619165.65869,504917.059555221,9678,
304,09679,09679,096630000000,Würzburg,Landkreis,43,--,09,6,79,00,00,000,R,DE26C,1997-01-01T00:00:00.000Z,161340,968.33,2312836173.23926,521195.927420776,9679,
305,09761,09761,097610000000,Augsburg,Kreisfreie Stadt,40,--,09,7,61,00,00,000,R,DE271,2015-10-01T00:00:00.000Z,292851,146.87,331276555.280273,129842.845924925,9761,
306,09762,09762,097620000000,Kaufbeuren,Kreisfreie Stadt,40,--,09,7,62,00,00,000,R,DE272,1972-07-01T00:00:00.000Z,43478,40.02,89869590.2558594,58684.0701367873,9762,
307,09763,09763,097630000000,Kempten (Allgäu),Kreisfreie Stadt,40,--,09,7,63,00,00,000,R,DE273,1972-07-01T00:00:00.000Z,68330,63.28,139764016.596191,79526.787708299,9763,
308,09764,09764,097640000000,Memmingen,Kreisfreie Stadt,40,--,09,7,64,00,00,000,R,DE274,1978-05-01T00:00:00.000Z,43470,70.11,155776888.407227,94318.9360717332,9764,
309,09771,09771,097710113113,Aichach-Friedberg,Landkreis,43,--,09,7,71,00,00,000,R,DE275,2015-10-01T00:00:00.000Z,132596,780.25,1769645668.20215,340574.094081072,9771,
310,09772,09772,097610000000,Augsburg,Landkreis,43,--,09,7,72,00,00,000,R,DE276,2016-07-01T00:00:00.000Z,249838,1070.61,2424698998.60254,464837.000102413,9772,
311,09773,09773,097730125125,Dillingen a.d. Donau,Landkreis,43,--,09,7,73,00,00,000,R,DE277,2009-01-01T00:00:00.000Z,95159,792.24,1808038571.81689,365827.056744392,9773,
312,09774,09774,097740135135,Günzburg,Landkreis,43,--,09,7,74,00,00,000,R,DE278,2016-07-01T00:00:00.000Z,124519,762.42,1727550774.4834,348932.901777291,9774,
313,09775,09775,097750135135,Neu-Ulm,Landkreis,43,--,09,7,75,00,00,000,R,DE279,2009-01-01T00:00:00.000Z,172546,515.87,1164378335.625,224002.544505722,9775,
314,09776,09776,097760116116,Lindau (Bodensee),Landkreis,43,--,09,7,76,00,00,000,R,DE27A,2009-01-01T00:00:00.000Z,81148,323.38,710512835.452148,213528.062795985,9776,
315,09777,09777,097770151151,Ostallgäu,Landkreis,43,--,09,7,77,00,00,000,R,DE27B,2009-01-01T00:00:00.000Z,139278,1394.47,3082281225.16455,608948.414324234,9777,
316,09778,09778,097780173173,Unterallgäu,Landkreis,43,--,09,7,78,00,00,000,R,DE27C,2009-01-01T00:00:00.000Z,142544,1229.57,2749166212.01807,486906.283630197,9778,
317,09779,09779,097790131131,Donau-Ries,Landkreis,43,--,09,7,79,00,00,000,R,DE27D,2009-01-01T00:00:00.000Z,133043,1274.57,2935358878.75146,507664.539124114,9779,
318,09780,09780,097800139139,Oberallgäu,Landkreis,43,--,09,7,80,00,00,000,R,DE27E,2009-01-01T00:00:00.000Z,154568,1527.98,3355979026.62305,507429.850446884,9780,
319,10041,10041,100410100100,Regionalverband Saarbrücken,Landkreis,45,Sonderverband,10,0,41,00,00,000,R,DEC01,2009-01-01T00:00:00.000Z,330150,410.95,964967910.911133,246820.604921035,10041,
320,10042,10042,100420113113,Merzig-Wadern,Landkreis,43,--,10,0,42,00,00,000,R,DEC02,2009-01-01T00:00:00.000Z,103656,556.66,1318247918.62891,238128.370887823,10042,
321,10043,10043,100430115115,Neunkirchen,Landkreis,43,--,10,0,43,00,00,000,R,DEC03,2009-01-01T00:00:00.000Z,133297,249.8,584799353.272949,165674.93347096,10043,
322,10044,10044,100440115115,Saarlouis,Landkreis,43,--,10,0,44,00,00,000,R,DEC04,2009-01-01T00:00:00.000Z,195815,459.36,1080909642.76953,243470.268279977,10044,
323,10045,10045,100450114114,Saarpfalz-Kreis,Landkreis,43,--,10,0,45,00,00,000,R,DEC05,2009-01-01T00:00:00.000Z,143402,418.28,982490924.038086,244497.538056098,10045,
324,10046,10046,100460117117,St. Wendel,Landkreis,43,--,10,0,46,00,00,000,R,DEC06,2009-01-01T00:00:00.000Z,87867,476.07,1129276068.4209,226157.437399174,10046,
325,11000,11000,110000000000,Berlin,Kreisfreie Stadt,40,--,11,0,00,00,00,000,R,DE300,1990-10-03T00:00:00.000Z,3613495,891.12,2402458320.60938,363979.18240739,11000,
326,12051,12051,120510000000,Brandenburg an der Havel,Kreisfreie Stadt,40,--,12,0,51,00,00,000,R,DE401,2012-10-01T00:00:00.000Z,71886,229.72,615018149.063477,230904.060759441,12051,
327,12052,12052,120520000000,Cottbus,Kreisfreie Stadt,40,--,12,0,52,00,00,000,R,DE402,2003-10-26T00:00:00.000Z,101036,165.63,430531053.506836,141491.845121927,12052,
328,12053,12053,120530000000,Frankfurt (Oder),Kreisfreie Stadt,40,--,12,0,53,00,00,000,R,DE403,2002-05-31T00:00:00.000Z,58237,147.85,394789875.569336,108153.206848533,12053,
329,12054,12054,120540000000,Potsdam,Kreisfreie Stadt,40,--,12,0,54,00,00,000,R,DE404,2014-09-11T00:00:00.000Z,175710,188.26,501969889.639648,157741.967288232,12054,
330,12060,12060,120600052052,Barnim,Landkreis,43,--,12,0,60,00,00,000,R,DE405,2009-01-01T00:00:00.000Z,180864,1479.6,4048211757.49902,561364.428200757,12060,
331,12061,12061,120610316316,Dahme-Spreewald,Landkreis,43,--,12,0,61,00,00,000,R,DE406,2015-01-19T00:00:00.000Z,167319,2274.53,6005767112.375,707796.112865636,12061,
332,12062,12062,120620224224,Elbe-Elster,Landkreis,43,--,12,0,62,00,00,000,R,DE407,2009-01-01T00:00:00.000Z,103455,1899.6,4920397691.2832,490220.341722339,12062,
333,12063,12063,120630252252,Havelland,Landkreis,43,--,12,0,63,00,00,000,R,DE408,2012-10-01T00:00:00.000Z,160710,1727.3,4679055439.22656,566823.513558346,12063,
334,12064,12064,120640448448,Märkisch-Oderland,Landkreis,43,--,12,0,64,00,00,000,R,DE409,2009-01-01T00:00:00.000Z,192921,2158.66,5840478692.04492,517312.914503819,12064,
335,12065,12065,120650256256,Oberhavel,Landkreis,43,--,12,0,65,00,00,000,R,DE40A,2009-01-01T00:00:00.000Z,209893,1808.16,4961588456.98145,596229.979321369,12065,
336,12066,12066,120660304304,Oberspreewald-Lausitz,Landkreis,43,--,12,0,66,00,00,000,R,DE40B,2009-01-01T00:00:00.000Z,111122,1223.05,3167297817.94238,406818.040841048,12066,
337,12067,12067,120670036036,Oder-Spree,Landkreis,43,--,12,0,67,00,00,000,R,DE40C,2015-01-19T00:00:00.000Z,178347,2256.76,6010813948.52441,612271.535985686,12067,
338,12068,12068,120680320320,Ostprignitz-Ruppin,Landkreis,43,--,12,0,68,00,00,000,R,DE40D,2011-01-01T00:00:00.000Z,99368,2526.55,6958783938.95117,635740.58812838,12068,
339,12069,12069,120690020020,Potsdam-Mittelmark,Landkreis,43,--,12,0,69,00,00,000,R,DE40E,2014-09-11T00:00:00.000Z,213214,2592.07,6905796213.89648,770803.642159981,12069,
340,12070,12070,120700296296,Prignitz,Landkreis,43,--,12,0,70,00,00,000,R,DE40F,2009-01-01T00:00:00.000Z,77263,2138.57,5924438816.8335,524186.23273531,12070,
341,12071,12071,120710076076,Spree-Neiße,Landkreis,43,--,12,0,71,00,00,000,R,DE40G,2009-01-01T00:00:00.000Z,115456,1656.97,4318486685.49414,563914.325284843,12071,
342,12072,12072,120720232232,Teltow-Fläming,Landkreis,43,--,12,0,72,00,00,000,R,DE40H,2009-01-01T00:00:00.000Z,166890,2104.22,5560043582.50488,518952.149899798,12072,
343,12073,12073,120730452452,Uckermark,Landkreis,43,--,12,0,73,00,00,000,R,DE40I,2009-01-01T00:00:00.000Z,120349,3076.96,8558501678.91309,654739.123847805,12073,
344,13003,13003,130030000000,Rostock,Kreisfreie Stadt,40,--,13,0,03,00,00,000,R,DE803,2007-01-01T00:00:00.000Z,208409,181.36,492648879.15625,230858.770754947,13003,
345,13004,13004,130040000000,Schwerin,Kreisfreie Stadt,40,--,13,0,04,00,00,000,R,DE804,1990-10-03T00:00:00.000Z,95797,130.52,368988990.229492,117045.43872093,13004,
346,13071,13071,130710107107,Mecklenburgische Seenplatte,Landkreis,43,--,13,0,71,00,00,000,R,DE80J,2011-09-04T00:00:00.000Z,260574,5495.62,15533898356.7031,864557.833365184,13071,
347,13072,13072,130720043043,Rostock,Landkreis,43,--,13,0,72,00,00,000,R,DE80K,2011-09-04T00:00:00.000Z,214635,3431.27,9863188517.17188,798408.16394259,13072,
348,13073,13073,130730088088,Vorpommern-Rügen,Landkreis,43,--,13,0,73,00,00,000,R,DE80L,2011-09-04T00:00:00.000Z,225123,3215.02,9262243400.24219,1935419.0099781,13073,
349,13074,13074,130740087087,Nordwestmecklenburg,Landkreis,43,--,13,0,74,00,00,000,R,DE80M,2011-09-04T00:00:00.000Z,156993,2127.09,6085098195.31152,717037.710063622,13074,
350,13075,13075,130750039039,Vorpommern-Greifswald,Landkreis,43,--,13,0,75,00,00,000,R,DE80N,2011-09-04T00:00:00.000Z,237066,3945.59,10849688370.1572,1405002.36666829,13075,
351,13076,13076,130760108108,Ludwigslust-Parchim,Landkreis,43,--,13,0,76,00,00,000,R,DE80O,2014-11-01T00:00:00.000Z,212522,4766.79,13416979701.0884,914593.127578547,13076,
352,14511,14511,145110000000,Chemnitz,Kreisfreie Stadt,40,--,14,5,11,00,00,000,K,DED41,2008-08-01T00:00:00.000Z,246855,221.05,553524129.850586,150535.061208552,14511,
353,14521,14521,145210020020,Erzgebirgskreis,Landkreis,43,--,14,5,21,00,00,000,K,DED42,2012-12-01T00:00:00.000Z,340373,1827.9,4530795580.2002,497994.945188251,14521,
354,14522,14522,145220180180,Mittelsachsen,Landkreis,43,--,14,5,22,00,00,000,K,DED43,2015-07-01T00:00:00.000Z,308153,2116.88,5321329859.14355,585577.712699949,14522,
355,14523,14523,145230320320,Vogtlandkreis,Landkreis,43,--,14,5,23,00,00,000,K,DED44,2009-01-01T00:00:00.000Z,229584,1412.44,3479993878.41309,488781.962181997,14523,
356,14524,14524,145240330330,Zwickau,Landkreis,43,--,14,5,24,00,00,000,K,DED45,2012-12-01T00:00:00.000Z,319988,949.78,2369185337.9668,373528.388266915,14524,
357,14612,14612,146120000000,Dresden,Kreisfreie Stadt,40,--,14,6,12,00,00,000,K,DED21,2008-08-01T00:00:00.000Z,551072,328.48,829236478.839844,199743.535981438,14612,
358,14625,14625,146250020020,Bautzen,Landkreis,43,--,14,6,25,00,00,000,K,DED2C,2009-01-01T00:00:00.000Z,302634,2395.58,6110819257.29199,552464.32859468,14625,
359,14626,14626,146260110110,Görlitz,Landkreis,43,--,14,6,26,00,00,000,K,DED2D,2009-01-01T00:00:00.000Z,256587,2111.4,5375552881.13477,546557.776082772,14626,
360,14627,14627,146270140140,Meißen,Landkreis,43,--,14,6,27,00,00,000,K,DED2E,2015-07-01T00:00:00.000Z,242862,1454.58,3713699974.69922,418019.543800422,14627,
361,14628,14628,146285229270,Sächsische Schweiz-Osterzgebirge,Landkreis,43,--,14,6,28,00,00,000,K,DED2F,2013-04-11T00:00:00.000Z,245418,1654.19,4154949231.33203,456608.50006087,14628,
362,14713,14713,147130000000,Leipzig,Kreisfreie Stadt,40,--,14,7,13,00,00,000,K,DED51,2008-08-01T00:00:00.000Z,581980,297.8,765286283.677734,193913.315546586,14713,
363,14729,14729,147290050050,Leipzig,Landkreis,43,--,14,7,29,00,00,000,K,DED52,2014-02-01T00:00:00.000Z,258008,1651.34,4204027211.80664,543049.283823846,14729,
364,14730,14730,147305311310,Nordsachsen,Landkreis,43,--,14,7,30,00,00,000,K,DED53,2008-08-01T00:00:00.000Z,197794,2028.54,5218097788.69922,657276.650852275,14730,
365,15001,15001,150010000000,Dessau-Roßlau,Kreisfreie Stadt,40,--,15,0,01,00,00,000,R,DEE01,2007-07-01T00:00:00.000Z,82111,244.75,644445952.949219,187077.531050981,15001,
366,15002,15002,150020000000,Halle (Saale),Kreisfreie Stadt,40,--,15,0,02,00,00,000,R,DEE02,2007-07-01T00:00:00.000Z,239173,135.03,349402111.118164,124757.178366557,15002,
367,15003,15003,150030000000,Magdeburg,Kreisfreie Stadt,40,--,15,0,03,00,00,000,R,DEE03,2007-07-01T00:00:00.000Z,238478,201.01,531025992.696777,137799.285053088,15003,
368,15081,15081,150810455455,Altmarkkreis Salzwedel,Landkreis,43,--,15,0,81,00,00,000,R,DEE04,2009-01-01T00:00:00.000Z,84457,2293.26,6257393383.63721,501202.813675393,15081,
369,15082,15082,150820180180,Anhalt-Bitterfeld,Landkreis,43,--,15,0,82,00,00,000,R,DEE05,2009-01-01T00:00:00.000Z,161264,1454.25,3813187973.01172,547520.49119543,15082,
370,15083,15083,150830270270,Börde,Landkreis,43,--,15,0,83,00,00,000,R,DEE07,2009-01-01T00:00:00.000Z,172619,2366.85,6323391967.09082,607246.442901954,15083,
371,15084,15084,150840355355,Burgenlandkreis,Landkreis,43,--,15,0,84,00,00,000,R,DEE08,2014-02-01T00:00:00.000Z,181968,1413.72,3600501370.89893,471025.507079812,15084,
372,15085,15085,150850135135,Harz,Landkreis,43,--,15,0,85,00,00,000,R,DEE09,2009-01-01T00:00:00.000Z,216299,2104.59,5508588170.45605,526101.621656939,15085,
373,15086,15086,150860015015,Jerichower Land,Landkreis,43,--,15,0,86,00,00,000,R,DEE06,2009-01-01T00:00:00.000Z,90465,1576.89,4235700868.36621,404519.865145067,15086,
374,15087,15087,150870370370,Mansfeld-Südharz,Landkreis,43,--,15,0,87,00,00,000,R,DEE0A,2009-01-01T00:00:00.000Z,138013,1448.86,3758261074.7002,531600.534350323,15087,
375,15088,15088,150880220220,Saalekreis,Landkreis,43,--,15,0,88,00,00,000,R,DEE0B,2007-07-01T00:00:00.000Z,185494,1433.73,3698976143.1792,595932.980562221,15088,
376,15089,15089,150890030030,Salzlandkreis,Landkreis,43,--,15,0,89,00,00,000,R,DEE0C,2007-07-12T00:00:00.000Z,192739,1427.13,3755417266.30371,426646.675651209,15089,
377,15090,15090,150900535535,Stendal,Landkreis,43,--,15,0,90,00,00,000,R,DEE0D,2007-07-01T00:00:00.000Z,113186,2423.27,6623417328.88965,640388.578852601,15090,
378,15091,15091,150910375375,Wittenberg,Landkreis,43,--,15,0,91,00,00,000,R,DEE0E,2009-01-01T00:00:00.000Z,126815,1930.48,5077297934.31543,466030.736546149,15091,
379,16051,16051,160510000000,Erfurt,Kreisfreie Stadt,40,--,16,0,51,00,00,000,R,DEG01,1994-10-12T00:00:00.000Z,212988,269.91,681327838.68457,168282.569766933,16051,
380,16052,16052,160520000000,Gera,Kreisfreie Stadt,40,--,16,0,52,00,00,000,R,DEG02,1994-07-01T00:00:00.000Z,94859,152.19,382229098.865234,118818.278214994,16052,
381,16053,16053,160530000000,Jena,Kreisfreie Stadt,40,--,16,0,53,00,00,000,R,DEG03,1994-07-01T00:00:00.000Z,111099,114.76,288611459.583008,109127.066719592,16053,
382,16054,16054,160540000000,Suhl,Kreisfreie Stadt,40,--,16,0,54,00,00,000,R,DEG04,1994-07-01T00:00:00.000Z,35166,103.03,254219028.369141,128889.148469014,16054,
383,16055,16055,160550000000,Weimar,Kreisfreie Stadt,40,--,16,0,55,00,00,000,R,DEG05,1994-07-01T00:00:00.000Z,64426,84.48,212639514.777832,101520.929710555,16055,
384,16056,16056,160560000000,Eisenach,Kreisfreie Stadt,40,--,16,0,56,00,00,000,R,DEG0N,1998-01-01T00:00:00.000Z,42710,104.17,263351956.662598,109062.182931489,16056,
385,16061,16061,160610045045,Eichsfeld,Landkreis,43,--,16,0,61,00,00,000,R,DEG06,2009-01-01T00:00:00.000Z,100645,943.08,2416295608.49072,332609.376085245,16061,
386,16062,16062,160620041041,Nordhausen,Landkreis,43,--,16,0,62,00,00,000,R,DEG07,2009-01-01T00:00:00.000Z,84697,713.91,1840466247.28027,296739.153571385,16062,
387,16063,16063,160635051003,Wartburgkreis,Landkreis,43,--,16,0,63,00,00,000,R,DEG0P,2009-01-01T00:00:00.000Z,123764,1307.46,3277343829.73438,670476.922800954,16063,
388,16064,16064,160640046046,Unstrut-Hainich-Kreis,Landkreis,43,--,16,0,64,00,00,000,R,DEG09,2009-01-01T00:00:00.000Z,103504,979.68,2488797047.29395,343888.138443033,16064,
389,16065,16065,160650067067,Kyffhäuserkreis,Landkreis,43,--,16,0,65,00,00,000,R,DEG0A,2009-01-01T00:00:00.000Z,75818,1037.89,2654027271.12354,433445.921915615,16065,
390,16066,16066,160665050042,Schmalkalden-Meiningen,Landkreis,43,--,16,0,66,00,00,000,R,DEG0B,2009-01-01T00:00:00.000Z,122952,1210.74,3005704900.46582,447838.081662874,16066,
391,16067,16067,160670029029,Gotha,Landkreis,43,--,16,0,67,00,00,000,R,DEG0C,2009-01-01T00:00:00.000Z,135521,936.09,2351154743.12744,316714.016754073,16067,
392,16068,16068,160680051051,Sömmerda,Landkreis,43,--,16,0,68,00,00,000,R,DEG0D,2009-01-01T00:00:00.000Z,70027,806.88,2048517241.87646,366614.51697031,16068,
393,16069,16069,160690024024,Hildburghausen,Landkreis,43,--,16,0,69,00,00,000,R,DEG0E,2009-01-01T00:00:00.000Z,63923,938.43,2308234561.28516,417007.319947063,16069,
394,16070,16070,160705050004,Ilm-Kreis,Landkreis,43,--,16,0,70,00,00,000,R,DEG0F,2009-01-01T00:00:00.000Z,108830,843.73,2103066433.5166,351209.128941318,16070,
395,16071,16071,160710001001,Weimarer Land,Landkreis,43,--,16,0,71,00,00,000,R,DEG0G,2009-01-01T00:00:00.000Z,82131,804.49,2025880802.55713,427759.919630127,16071,
396,16072,16072,160720018018,Sonneberg,Landkreis,43,--,16,0,72,00,00,000,R,DEG0H,2009-01-01T00:00:00.000Z,56361,433.61,1065264067.52344,252703.50190467,16072,
397,16073,16073,160730077077,Saalfeld-Rudolstadt,Landkreis,43,--,16,0,73,00,00,000,R,DEG0I,2009-01-01T00:00:00.000Z,107368,1036.03,2573214228.82178,455039.124662586,16073,
398,16074,16074,160745052018,Saale-Holzland-Kreis,Landkreis,43,--,16,0,74,00,00,000,R,DEG0J,2009-01-01T00:00:00.000Z,82990,815.25,2047993105.65771,372310.628911381,16074,
399,16075,16075,160750098098,Saale-Orla-Kreis,Landkreis,43,--,16,0,75,00,00,000,R,DEG0K,2009-01-01T00:00:00.000Z,81501,1151.33,2852545786.7334,400883.057876545,16075,
400,16076,16076,160765052022,Greiz,Landkreis,43,--,16,0,76,00,00,000,R,DEG0L,2009-01-01T00:00:00.000Z,99275,845.96,2111028135.56592,454667.283635875,16076,
401,16077,16077,160770001001,Altenburger Land,Landkreis,43,--,16,0,77,00,00,000,R,DEG0M,2014-02-01T00:00:00.000Z,90650,569.44,1433292165.96191,252877.709186502,16077,
